metric,value
accuracy,0.6
auPRC,0.75
auROC,0.6666666666666667
auROC50,0.6666666666666666
log.loss,13.815510559082032
pearson.p,0.9210522489210085
pearson.r,0.062045250087976456
recall_at_10_fdr,0.5
recall_at_5_fdr,0.5
spearman.p,0.6376180914006018
spearman.r,0.28867513459481287
train_time,0.1686656117128829
